time,similarity,gateways,collaborators
2019-05-05 23:18:04,0.9840000000000001,8.0,6.0
2019-05-05 23:18:09,0.988,8.0,6.0
2019-05-05 23:18:13,0.963,8.0,6.0
2019-05-05 23:18:16,0.8859999999999999,8.0,5.0
2019-05-05 23:18:19,0.976,9.0,6.0
2019-05-05 23:18:23,0.929,8.0,6.0
2019-05-05 23:18:26,0.875,8.0,6.0
2019-05-05 23:18:30,0.985,7.0,6.0
2019-05-05 23:18:33,0.9179999999999999,9.0,6.0
2019-05-05 23:18:36,0.968,7.0,6.0
2019-05-05 23:18:43,0.981,9.0,6.0
2019-05-05 23:18:48,0.9540000000000001,9.0,6.0
2019-05-05 23:18:51,0.899,9.0,6.0
2019-05-05 23:18:54,0.912,8.0,6.0
2019-05-05 23:18:58,0.9640000000000001,8.0,6.0
2019-05-05 23:19:01,0.983,8.0,4.0
2019-05-05 23:19:07,0.948,8.0,6.0
2019-05-05 23:19:09,0.909,9.0,6.0
2019-05-05 23:19:12,0.9670000000000001,8.0,6.0
2019-05-05 23:19:16,0.997,4.0,2.0
2019-05-05 23:19:22,1.0,1.0,1.0
2019-05-05 23:19:25,0.9990000000000001,6.0,2.0
2019-05-05 23:19:29,0.9990000000000001,8.0,1.0
2019-05-05 23:19:34,0.9109999999999999,7.0,6.0
2019-05-05 23:19:39,0.9840000000000001,8.0,6.0
2019-05-05 23:19:43,0.929,8.0,6.0
2019-05-05 23:19:46,0.956,6.0,5.0
2019-05-05 23:19:49,0.9740000000000001,7.0,6.0
2019-05-05 23:19:53,0.879,8.0,6.0
2019-05-05 23:19:56,0.935,7.0,6.0
2019-05-05 23:20:00,0.9209999999999999,8.0,6.0
2019-05-05 23:20:03,0.938,7.0,6.0
2019-05-05 23:20:06,0.973,7.0,6.0
2019-05-05 23:20:13,0.983,5.0,6.0
2019-05-05 23:20:18,0.917,9.0,6.0
2019-05-05 23:20:21,0.925,7.0,6.0
2019-05-05 23:20:24,0.904,8.0,6.0
2019-05-05 23:20:28,0.998,8.0,6.0
2019-05-05 23:20:31,0.924,7.0,4.0
2019-05-05 23:20:37,0.9420000000000001,7.0,6.0
2019-05-05 23:20:39,0.966,7.0,6.0
2019-05-05 23:20:42,0.903,7.0,6.0
2019-05-05 23:20:46,1.0,4.0,2.0
2019-05-05 23:20:52,0.976,7.0,3.0
2019-05-05 23:20:55,0.9990000000000001,8.0,6.0
2019-05-05 23:20:59,0.988,7.0,5.0
2019-05-05 23:21:02,0.99,7.0,6.0
2019-05-05 23:21:04,0.996,6.0,3.0
2019-05-05 23:21:05,0.9159999999999999,7.0,6.0
2019-05-05 23:21:08,0.955,9.0,6.0
2019-05-05 23:21:09,0.966,8.0,6.0
2019-05-05 23:21:10,0.986,8.0,6.0
2019-05-05 23:21:13,0.9465000000000001,8.0,6.0
2019-05-05 23:21:15,0.904,8.0,5.0
2019-05-05 23:21:16,0.893,9.0,5.0
2019-05-05 23:21:18,0.9179999999999999,9.0,5.0
2019-05-05 23:21:19,0.97,9.0,6.0
2019-05-05 23:21:23,0.884,7.0,6.0
2019-05-05 23:21:26,0.9620000000000001,9.0,6.0
2019-05-05 23:21:30,0.97,9.0,6.0
2019-05-05 23:21:33,0.9359999999999999,8.0,6.0
2019-05-05 23:21:36,0.92,8.0,6.0
2019-05-05 23:21:43,0.987,6.0,6.0
2019-05-05 23:21:48,0.956,10.0,6.0
2019-05-05 23:21:51,0.9359999999999999,9.0,6.0
2019-05-05 23:21:54,0.93,10.0,6.0
2019-05-05 23:21:58,0.9440000000000001,9.0,6.0
2019-05-05 23:22:01,0.914,8.0,4.0
2019-05-05 23:22:07,0.965,10.0,6.0
2019-05-05 23:22:09,0.983,6.0,6.0
2019-05-05 23:22:12,0.993,8.0,6.0
2019-05-05 23:22:16,0.9990000000000001,4.0,2.0
2019-05-05 23:22:22,1.0,1.0,1.0
2019-05-05 23:22:25,0.977,9.0,6.0
2019-05-05 23:22:29,0.9670000000000001,6.0,5.0
2019-05-05 23:22:32,0.983,7.0,6.0
2019-05-05 23:22:35,0.942,7.0,4.5
2019-05-05 23:22:37,0.966,9.0,6.0
2019-05-05 23:22:39,0.9179999999999999,8.0,6.0
2019-05-05 23:22:40,0.991,8.0,6.0
2019-05-05 23:22:43,0.9525,8.0,6.0
2019-05-05 23:22:45,0.925,9.0,5.0
2019-05-05 23:22:46,0.9179999999999999,6.0,5.0
2019-05-05 23:22:48,0.924,8.0,5.0
2019-05-05 23:22:49,0.953,9.0,6.0
2019-05-05 23:22:53,0.934,7.0,6.0
2019-05-05 23:22:56,0.9420000000000001,7.0,6.0
2019-05-05 23:23:00,0.93,8.0,6.0
2019-05-05 23:23:03,0.9079999999999999,8.0,6.0
2019-05-05 23:23:06,0.9940000000000001,8.0,6.0
2019-05-05 23:23:13,0.9640000000000001,8.0,6.0
2019-05-05 23:23:18,0.938,9.0,6.0
2019-05-05 23:23:21,0.9570000000000001,9.0,6.0
2019-05-05 23:23:24,0.922,8.0,6.0
2019-05-05 23:23:28,0.9229999999999999,7.0,6.0
2019-05-05 23:23:31,0.907,8.0,4.0
2019-05-05 23:23:37,0.919,8.0,6.0
2019-05-05 23:23:39,0.965,8.0,6.0
2019-05-05 23:23:43,0.975,9.0,6.0
2019-05-05 23:23:46,0.98,4.0,2.0
2019-05-05 23:23:52,0.996,2.0,3.0
2019-05-05 23:23:55,0.956,7.0,6.0
2019-05-05 23:23:59,0.956,9.0,5.0
2019-05-05 23:24:02,0.995,9.0,6.0
2019-05-05 23:24:05,0.935,7.0,4.5
2019-05-05 23:24:07,0.956,9.0,6.0
2019-05-05 23:24:09,0.995,8.0,6.0
2019-05-05 23:24:10,0.937,8.0,6.0
2019-05-05 23:24:13,0.9445,9.5,6.0
2019-05-05 23:24:15,0.945,8.0,5.0
2019-05-05 23:24:16,0.879,5.0,5.0
2019-05-05 23:24:18,0.9059999999999999,8.0,5.0
2019-05-05 23:24:19,0.956,7.0,6.0
2019-05-05 23:24:23,0.9079999999999999,10.0,6.0
2019-05-05 23:24:26,0.888,10.0,6.0
2019-05-05 23:24:30,0.95,10.0,6.0
2019-05-05 23:24:33,0.909,9.0,6.0
2019-05-05 23:24:36,0.914,9.0,6.0
2019-05-05 23:24:43,0.9440000000000001,8.0,6.0
2019-05-05 23:24:48,0.945,9.0,6.0
2019-05-05 23:24:51,0.9079999999999999,10.0,6.0
2019-05-05 23:24:54,0.9179999999999999,10.0,6.0
2019-05-05 23:24:58,0.946,10.0,6.0
2019-05-05 23:25:01,0.922,6.0,4.0
2019-05-05 23:25:07,0.917,10.0,6.0
2019-05-05 23:25:09,0.9940000000000001,8.0,6.0
2019-05-05 23:25:12,0.938,8.0,6.0
2019-05-05 23:25:16,0.877,7.0,2.0
2019-05-05 23:25:22,1.0,1.0,1.0
2019-05-05 23:25:25,0.966,8.0,6.0
2019-05-05 23:25:29,0.978,9.0,5.0
2019-05-05 23:25:32,0.976,9.0,6.0
2019-05-05 23:25:35,0.7515000000000001,7.5,4.5
2019-05-05 23:25:37,0.953,10.0,6.0
2019-05-05 23:25:39,0.904,8.0,6.0
2019-05-05 23:25:40,0.9840000000000001,8.0,6.0
2019-05-05 23:25:43,0.9425,8.0,6.0
2019-05-05 23:25:45,0.9159999999999999,8.0,5.0
2019-05-05 23:25:46,0.909,6.0,5.0
2019-05-05 23:25:48,0.912,7.0,5.0
2019-05-05 23:25:49,0.9440000000000001,9.0,6.0
2019-05-05 23:25:53,0.9279999999999999,9.0,6.0
2019-05-05 23:25:56,1.0,1.0,1.0
2019-05-05 23:26:00,0.997,7.0,6.0
2019-05-05 23:26:03,0.9940000000000001,8.0,6.0
2019-05-05 23:26:06,0.998,8.0,6.0
2019-05-05 23:26:14,0.893,10.0,6.0
2019-05-05 23:26:18,0.927,10.0,6.0
2019-05-05 23:26:21,0.9279999999999999,9.0,6.0
2019-05-05 23:26:24,0.9229999999999999,9.0,6.0
2019-05-05 23:26:28,0.915,10.0,6.0
2019-05-05 23:26:31,0.9159999999999999,9.0,4.0
2019-05-05 23:26:37,0.912,10.0,6.0
2019-05-05 23:26:39,0.917,9.0,6.0
2019-05-05 23:26:42,0.96,9.0,6.0
2019-05-05 23:26:46,0.966,7.0,2.0
2019-05-05 23:26:52,0.932,4.0,3.0
2019-05-05 23:26:55,0.9620000000000001,6.0,6.0
2019-05-05 23:26:59,0.9520000000000001,7.0,5.0
2019-05-05 23:27:02,0.97,8.0,6.0
2019-05-05 23:27:05,0.9665000000000001,6.0,4.5
2019-05-05 23:27:07,0.927,9.0,6.0
2019-05-05 23:27:09,0.958,7.0,6.0
2019-05-05 23:27:10,0.9540000000000001,8.0,6.0
2019-05-05 23:27:13,0.948,8.0,6.0
2019-05-05 23:27:15,0.934,7.0,5.0
2019-05-05 23:27:16,0.893,9.0,5.0
2019-05-05 23:27:18,0.9470000000000001,6.0,5.0
2019-05-05 23:27:19,0.614,9.0,6.0
2019-05-05 23:27:23,0.925,7.0,6.0
2019-05-05 23:27:26,0.8859999999999999,9.0,6.0
2019-05-05 23:27:30,0.937,8.0,6.0
2019-05-05 23:27:33,0.975,8.0,6.0
2019-05-05 23:27:36,0.985,8.0,6.0
2019-05-05 23:27:44,0.922,9.0,6.0
2019-05-05 23:27:48,0.943,9.0,6.0
2019-05-05 23:27:51,0.9390000000000001,7.0,6.0
2019-05-05 23:27:54,0.912,8.0,6.0
2019-05-05 23:27:58,0.991,10.0,6.0
2019-05-05 23:28:01,0.912,9.0,4.0
2019-05-05 23:28:07,0.9279999999999999,10.0,6.0
2019-05-05 23:28:09,0.953,8.0,6.0
2019-05-05 23:28:12,0.9259999999999999,9.0,6.0
2019-05-05 23:28:16,0.867,5.0,2.0
2019-05-05 23:28:22,0.9329999999999999,8.0,3.0
2019-05-05 23:28:25,0.985,9.0,6.0
2019-05-05 23:28:29,0.9329999999999999,8.0,5.0
2019-05-05 23:28:32,0.9940000000000001,7.0,6.0
2019-05-05 23:28:35,0.9069999999999999,6.5,4.5
2019-05-05 23:28:37,0.917,8.0,6.0
2019-05-05 23:28:39,0.912,8.0,6.0
2019-05-05 23:28:40,0.956,10.0,6.0
2019-05-05 23:28:43,0.946,7.0,6.0
2019-05-05 23:28:45,0.935,9.0,5.0
2019-05-05 23:28:46,0.99,6.0,5.0
2019-05-05 23:28:48,0.9359999999999999,8.0,5.0
2019-05-05 23:28:49,0.95,8.0,6.0
2019-05-05 23:28:53,0.922,8.0,6.0
2019-05-05 23:28:56,0.961,8.0,6.0
2019-05-05 23:29:00,0.907,7.0,6.0
2019-05-05 23:29:03,0.924,8.0,6.0
2019-05-05 23:29:06,0.953,8.0,6.0
2019-05-05 23:29:14,0.902,9.0,6.0
2019-05-05 23:29:18,0.961,8.0,6.0
2019-05-05 23:29:21,0.9259999999999999,8.0,6.0
2019-05-05 23:29:24,0.9129999999999999,9.0,6.0
2019-05-05 23:29:28,0.92,9.0,6.0
2019-05-05 23:29:31,0.889,7.0,4.0
2019-05-05 23:29:37,0.9259999999999999,9.0,6.0
2019-05-05 23:29:40,0.9470000000000001,7.0,6.0
2019-05-05 23:29:42,0.978,8.0,6.0
2019-05-05 23:29:46,0.932,4.0,2.0
2019-05-05 23:29:52,0.93,6.0,3.0
2019-05-05 23:29:55,0.948,10.0,6.0
2019-05-05 23:29:59,0.9109999999999999,8.0,5.0
2019-05-05 23:30:02,0.9490000000000001,8.0,6.0
2019-05-05 23:30:05,0.9390000000000001,7.5,4.5
2019-05-05 23:30:07,0.599,9.0,6.0
2019-05-05 23:30:09,0.927,8.0,6.0
2019-05-05 23:30:10,0.996,8.0,6.0
2019-05-05 23:30:13,0.9404999999999999,7.5,6.0
2019-05-05 23:30:15,0.9279999999999999,9.0,5.0
2019-05-05 23:30:16,0.9159999999999999,7.0,5.0
2019-05-05 23:30:18,0.951,9.0,5.0
2019-05-05 23:30:19,0.977,8.0,6.0
2019-05-05 23:30:23,0.9009999999999999,7.0,6.0
2019-05-05 23:30:26,0.9890000000000001,9.0,6.0
2019-05-05 23:30:30,0.972,9.0,6.0
2019-05-05 23:30:33,0.922,9.0,6.0
2019-05-05 23:30:36,0.973,8.0,6.0
2019-05-05 23:30:44,0.9840000000000001,8.0,6.0
2019-05-05 23:30:48,0.938,8.0,6.0
2019-05-05 23:30:51,0.934,9.0,6.0
2019-05-05 23:30:54,0.922,9.0,6.0
2019-05-05 23:30:58,0.966,8.0,6.0
2019-05-05 23:31:01,0.903,7.0,4.0
2019-05-05 23:31:07,0.9540000000000001,10.0,6.0
2019-05-05 23:31:09,0.938,8.0,6.0
2019-05-05 23:31:12,0.9490000000000001,10.0,6.0
2019-05-05 23:31:16,0.9940000000000001,7.0,2.0
2019-05-05 23:31:22,0.9990000000000001,5.0,3.0
2019-05-05 23:31:25,0.9670000000000001,9.0,6.0
2019-05-05 23:31:29,0.972,9.0,5.0
2019-05-05 23:31:32,0.99,8.0,6.0
2019-05-05 23:31:35,0.9510000000000001,7.0,4.5
2019-05-05 23:31:37,0.968,10.0,6.0
2019-05-05 23:31:40,0.9470000000000001,9.0,6.0
2019-05-05 23:31:43,0.9545000000000001,8.5,6.0
2019-05-05 23:31:45,0.997,6.0,5.0
2019-05-05 23:31:46,0.9179999999999999,7.0,5.0
2019-05-05 23:31:48,0.924,8.0,5.0
2019-05-05 23:31:49,0.9690000000000001,9.0,6.0
2019-05-05 23:31:53,0.915,8.0,6.0
2019-05-05 23:31:56,0.9359999999999999,8.0,6.0
2019-05-05 23:32:00,0.9209999999999999,9.0,6.0
2019-05-05 23:32:03,0.953,8.0,6.0
2019-05-05 23:32:06,0.889,7.0,6.0
2019-05-05 23:32:14,0.991,8.0,6.0
2019-05-05 23:32:18,0.9790000000000001,9.0,6.0
2019-05-05 23:32:21,0.9229999999999999,9.0,6.0
2019-05-05 23:32:24,0.9209999999999999,10.0,6.0
2019-05-05 23:32:28,0.9790000000000001,10.0,6.0
2019-05-05 23:32:31,0.8959999999999999,10.0,4.0
2019-05-05 23:32:37,0.946,9.0,6.0
2019-05-05 23:32:39,0.97,8.0,6.0
2019-05-05 23:32:43,0.982,9.0,6.0
2019-05-05 23:32:46,0.988,7.0,2.0
2019-05-05 23:32:52,0.905,6.0,3.0
2019-05-05 23:32:55,0.978,7.0,6.0
2019-05-05 23:32:59,0.9329999999999999,7.0,5.0
2019-05-05 23:33:02,0.99,8.0,6.0
2019-05-05 23:33:05,0.9390000000000001,8.0,4.5
2019-05-05 23:33:07,0.975,8.0,6.0
2019-05-05 23:33:10,0.9585,8.0,6.0
2019-05-05 23:33:13,0.9309999999999999,9.0,6.0
2019-05-05 23:33:15,0.93,9.0,5.0
2019-05-05 23:33:16,0.895,6.0,5.0
2019-05-05 23:33:18,0.9620000000000001,8.0,5.0
2019-05-05 23:33:19,0.965,8.0,6.0
2019-05-05 23:33:23,0.9390000000000001,9.0,6.0
2019-05-05 23:33:26,0.97,10.0,6.0
2019-05-05 23:33:30,0.98,9.0,6.0
2019-05-05 23:33:33,0.943,9.0,6.0
2019-05-05 23:33:36,0.953,9.0,6.0
2019-05-05 23:33:44,0.991,8.0,6.0
2019-05-05 23:33:48,0.9329999999999999,10.0,6.0
2019-05-05 23:33:51,0.909,9.0,6.0
2019-05-05 23:33:54,0.9359999999999999,10.0,6.0
2019-05-05 23:33:58,0.968,10.0,6.0
2019-05-05 23:34:01,0.925,8.0,4.0
2019-05-05 23:34:07,0.9279999999999999,9.0,6.0
2019-05-05 23:34:09,0.975,8.0,6.0
2019-05-05 23:34:12,0.9740000000000001,9.0,6.0
2019-05-05 23:34:16,0.8909999999999999,7.0,2.0
2019-05-05 23:34:22,0.927,7.0,3.0
2019-05-05 23:34:25,0.993,7.0,6.0
2019-05-05 23:34:29,0.958,8.0,5.0
2019-05-05 23:34:32,0.9990000000000001,5.0,6.0
2019-05-05 23:34:35,0.9205000000000001,7.0,4.5
2019-05-05 23:34:37,0.9840000000000001,8.0,6.0
2019-05-05 23:34:40,0.9595,8.5,6.0
2019-05-05 23:34:43,0.9650000000000001,7.5,6.0
2019-05-05 23:34:45,0.95,7.0,5.0
2019-05-05 23:34:46,0.924,7.0,5.0
2019-05-05 23:34:48,0.934,7.0,5.0
2019-05-05 23:34:49,0.929,8.0,6.0
2019-05-05 23:34:53,0.9129999999999999,9.0,6.0
2019-05-05 23:34:56,0.9329999999999999,8.0,6.0
2019-05-05 23:35:00,0.929,9.0,6.0
2019-05-05 23:35:03,0.91,8.0,6.0
2019-05-05 23:35:06,0.9420000000000001,9.0,6.0
2019-05-05 23:35:14,0.915,7.0,6.0
2019-05-05 23:35:18,0.929,9.0,6.0
2019-05-05 23:35:21,0.946,8.0,6.0
2019-05-05 23:35:24,0.943,9.0,6.0
2019-05-05 23:35:28,0.993,10.0,6.0
2019-05-05 23:35:31,0.9109999999999999,8.0,4.0
2019-05-05 23:35:37,0.9420000000000001,8.0,6.0
2019-05-05 23:35:39,0.991,9.0,6.0
2019-05-05 23:35:42,0.935,8.0,6.0
2019-05-05 23:35:46,0.988,4.0,2.0
2019-05-05 23:35:52,0.922,6.0,3.0
2019-05-05 23:35:55,0.973,8.0,6.0
2019-05-05 23:35:59,0.966,9.0,5.0
2019-05-05 23:36:02,0.95,7.0,6.0
2019-05-05 23:36:05,0.9225,8.0,4.5
2019-05-05 23:36:07,0.985,7.0,6.0
2019-05-05 23:36:10,0.959,8.5,6.0
2019-05-05 23:36:13,0.9195,8.5,6.0
2019-05-05 23:36:15,0.902,9.0,5.0
2019-05-05 23:36:16,0.789,8.0,5.0
2019-05-05 23:36:18,0.9390000000000001,9.0,5.0
2019-05-05 23:36:19,0.904,10.0,6.0
2019-05-05 23:36:23,0.943,8.0,6.0
2019-05-05 23:36:26,0.951,8.0,6.0
2019-05-05 23:36:30,0.953,8.0,6.0
2019-05-05 23:36:33,0.9590000000000001,9.0,6.0
2019-05-05 23:36:36,0.917,10.0,6.0
2019-05-05 23:36:44,0.9690000000000001,8.0,6.0
2019-05-05 23:36:48,0.9640000000000001,8.0,6.0
2019-05-05 23:36:51,0.9590000000000001,8.0,6.0
2019-05-05 23:36:54,0.905,10.0,6.0
2019-05-05 23:36:58,0.9840000000000001,10.0,6.0
2019-05-05 23:37:01,0.892,8.0,4.0
2019-05-05 23:37:07,0.9740000000000001,6.0,6.0
2019-05-05 23:37:09,1.0,7.0,6.0
2019-05-05 23:37:12,0.946,6.0,6.0
2019-05-05 23:37:16,0.988,5.0,2.0
2019-05-05 23:37:22,0.904,7.0,3.0
2019-05-05 23:37:25,0.9690000000000001,9.0,6.0
2019-05-05 23:37:29,0.9470000000000001,7.0,5.0
2019-05-05 23:37:32,0.991,8.0,6.0
2019-05-05 23:37:35,0.938,7.5,4.5
2019-05-05 23:37:37,0.982,9.0,6.0
2019-05-05 23:37:40,0.9455,8.0,6.0
2019-05-05 23:37:43,0.9495,8.0,6.0
2019-05-05 23:37:45,0.971,8.0,5.0
2019-05-05 23:37:46,0.894,10.0,5.0
2019-05-05 23:37:48,0.9390000000000001,8.0,5.0
2019-05-05 23:37:49,0.9840000000000001,9.0,6.0
2019-05-05 23:37:53,0.93,10.0,6.0
2019-05-05 23:37:56,0.91,9.0,6.0
2019-05-05 23:38:00,0.9620000000000001,9.0,6.0
2019-05-05 23:38:03,0.9840000000000001,8.0,6.0
2019-05-05 23:38:06,0.92,9.0,6.0
2019-05-05 23:38:14,1.0,8.0,6.0
2019-05-05 23:38:18,0.981,7.0,6.0
2019-05-05 23:38:21,0.9540000000000001,8.0,6.0
2019-05-05 23:38:24,0.932,10.0,6.0
2019-05-05 23:38:28,0.976,10.0,6.0
2019-05-05 23:38:31,0.878,7.0,4.0
2019-05-05 23:38:37,0.9640000000000001,10.0,6.0
2019-05-05 23:38:39,0.988,7.0,6.0
2019-05-05 23:38:42,0.9440000000000001,9.0,6.0
2019-05-05 23:38:46,0.927,6.0,2.0
2019-05-05 23:38:52,0.9540000000000001,6.0,3.0
2019-05-05 23:38:55,0.982,8.0,6.0
2019-05-05 23:38:59,0.94,8.0,5.0
2019-05-05 23:39:02,0.987,8.0,6.0
2019-05-05 23:39:05,0.9535,8.5,4.5
2019-05-05 23:39:07,0.986,9.0,6.0
2019-05-05 23:39:10,0.9610000000000001,9.0,6.0
2019-05-05 23:39:13,0.949,8.5,6.0
2019-05-05 23:39:15,0.9420000000000001,9.0,5.0
2019-05-05 23:39:16,0.922,7.0,5.0
2019-05-05 23:39:18,0.9540000000000001,9.0,5.0
2019-05-05 23:39:19,0.9840000000000001,8.0,6.0
2019-05-05 23:39:23,0.9229999999999999,10.0,6.0
2019-05-05 23:39:26,0.884,9.0,6.0
2019-05-05 23:39:33,0.914,9.0,6.0
2019-05-05 23:39:36,0.953,9.0,6.0
2019-05-05 23:39:44,0.972,9.0,6.0
2019-05-05 23:39:48,0.919,9.0,6.0
2019-05-05 23:39:51,0.929,8.0,6.0
2019-05-05 23:39:54,0.9640000000000001,9.0,6.0
2019-05-05 23:40:01,0.878,7.0,4.0
2019-05-05 23:40:07,0.96,9.0,6.0
2019-05-05 23:40:09,0.975,8.0,6.0
2019-05-05 23:40:12,0.932,9.0,6.0
2019-05-05 23:40:16,0.9570000000000001,4.0,2.0
2019-05-05 23:40:22,0.855,6.0,3.0
2019-05-05 23:40:25,0.9940000000000001,9.0,6.0
2019-05-05 23:40:29,0.938,10.0,5.0
2019-05-05 23:40:32,0.978,8.0,6.0
2019-05-05 23:40:35,0.9990000000000001,8.0,6.0
2019-05-05 23:40:37,0.909,10.0,6.0
2019-05-05 23:40:40,0.9665000000000001,9.0,6.0
2019-05-05 23:40:43,0.929,9.0,6.0
2019-05-05 23:40:45,0.946,9.0,5.0
2019-05-05 23:40:46,0.89,7.0,5.0
2019-05-05 23:40:48,0.9570000000000001,9.0,5.0
2019-05-05 23:40:49,0.98,8.0,6.0
2019-05-05 23:40:53,0.9259999999999999,9.0,6.0
2019-05-05 23:40:56,0.9740000000000001,8.0,6.0
2019-05-05 23:41:03,0.94,8.0,6.0
2019-05-05 23:41:06,0.976,8.0,6.0
2019-05-05 23:41:14,0.998,7.0,6.0
2019-05-05 23:41:18,0.938,9.0,6.0
2019-05-05 23:41:21,0.9329999999999999,8.0,6.0
2019-05-05 23:41:24,0.946,9.0,6.0
2019-05-05 23:41:31,0.904,7.0,4.0
2019-05-05 23:41:37,0.963,8.0,6.0
2019-05-05 23:41:39,0.9790000000000001,8.0,6.0
2019-05-05 23:41:43,0.986,8.0,6.0
2019-05-05 23:41:46,1.0,1.0,1.0
2019-05-05 23:41:52,0.893,6.0,3.0
2019-05-05 23:41:55,0.9359999999999999,9.0,6.0
2019-05-05 23:41:59,0.968,9.0,5.0
2019-05-05 23:42:02,0.985,8.0,6.0
2019-05-05 23:42:05,0.9740000000000001,10.0,6.0
2019-05-05 23:42:08,0.961,9.0,6.0
2019-05-05 23:42:10,0.9610000000000001,9.0,6.0
2019-05-05 23:42:13,0.954,9.0,6.0
2019-05-05 23:42:15,0.934,8.0,5.0
2019-05-05 23:42:16,0.912,8.0,5.0
2019-05-05 23:42:18,0.958,9.0,5.0
2019-05-05 23:42:19,0.904,8.0,6.0
2019-05-05 23:42:23,0.915,8.0,6.0
2019-05-05 23:42:26,0.64,8.0,6.0
2019-05-05 23:42:33,0.9490000000000001,9.0,6.0
2019-05-05 23:42:36,0.9890000000000001,9.0,6.0
2019-05-05 23:42:44,0.988,7.0,6.0
2019-05-05 23:42:48,0.948,7.0,6.0
2019-05-05 23:42:51,0.9129999999999999,8.0,6.0
2019-05-05 23:42:54,0.934,9.0,6.0
2019-05-05 23:43:01,0.9159999999999999,7.0,4.0
2019-05-05 23:43:07,0.9670000000000001,9.0,6.0
2019-05-05 23:43:09,0.995,8.0,6.0
2019-05-05 23:43:12,0.988,9.0,6.0
2019-05-05 23:43:16,0.941,5.0,3.0
2019-05-05 23:43:23,0.9209999999999999,6.0,3.0
2019-05-05 23:43:25,0.97,9.0,6.0
2019-05-05 23:43:29,0.914,9.0,5.0
2019-05-05 23:43:32,0.94,7.0,6.0
2019-05-05 23:43:35,0.9359999999999999,8.0,6.0
2019-05-05 23:43:37,0.915,10.0,6.0
2019-05-05 23:43:40,0.954,8.5,6.0
2019-05-05 23:43:43,0.9575,8.5,6.0
2019-05-05 23:43:45,0.938,10.0,5.0
2019-05-05 23:43:46,0.9359999999999999,8.0,6.0
2019-05-05 23:43:48,0.958,9.0,5.0
2019-05-05 23:43:49,0.915,9.0,6.0
2019-05-05 23:43:53,0.92,8.0,6.0
2019-05-05 23:43:56,0.9420000000000001,8.0,6.0
2019-05-05 23:44:03,0.9620000000000001,8.0,6.0
2019-05-05 23:44:06,0.941,10.0,6.0
2019-05-05 23:44:14,0.978,8.0,6.0
2019-05-05 23:44:18,0.948,7.0,6.0
2019-05-05 23:44:21,0.9229999999999999,7.0,6.0
2019-05-05 23:44:24,0.94,8.0,6.0
2019-05-05 23:44:31,0.893,6.0,4.0
2019-05-05 23:44:37,0.945,9.0,6.0
2019-05-05 23:44:39,0.975,7.0,6.0
2019-05-05 23:44:42,0.9890000000000001,8.0,6.0
2019-05-05 23:44:46,0.9,7.0,6.0
2019-05-05 23:44:52,0.722,7.0,3.0
2019-05-05 23:44:55,0.965,8.0,6.0
2019-05-05 23:44:59,0.9540000000000001,8.0,5.0
2019-05-05 23:45:02,0.955,6.0,6.0
2019-05-05 23:45:05,0.9640000000000001,9.0,6.0
2019-05-05 23:45:07,0.925,7.0,6.0
2019-05-05 23:45:10,0.9855,7.5,6.0
2019-05-05 23:45:13,0.9425,7.5,6.0
2019-05-05 23:45:15,0.925,9.0,5.0
2019-05-05 23:45:16,0.948,8.0,6.0
2019-05-05 23:45:18,0.9179999999999999,10.0,5.0
2019-05-05 23:45:19,0.9390000000000001,8.0,6.0
2019-05-05 23:45:23,0.968,10.0,6.0
2019-05-05 23:45:26,0.973,10.0,6.0
2019-05-05 23:45:33,0.966,8.0,6.0
2019-05-05 23:45:36,0.919,10.0,6.0
2019-05-05 23:45:44,0.986,8.0,6.0
2019-05-05 23:45:48,0.94,9.0,6.0
2019-05-05 23:45:51,0.945,8.0,6.0
2019-05-05 23:45:54,0.9279999999999999,9.0,6.0
2019-05-05 23:46:01,0.9109999999999999,7.0,4.0
2019-05-05 23:46:07,0.983,9.0,6.0
2019-05-05 23:46:09,0.927,9.0,6.0
2019-05-05 23:46:12,0.9620000000000001,9.0,6.0
2019-05-05 23:46:16,0.915,8.0,6.0
2019-05-05 23:46:23,0.955,9.0,4.0
2019-05-05 23:46:25,0.961,9.0,6.0
2019-05-05 23:46:29,0.9259999999999999,9.0,5.0
2019-05-05 23:46:32,0.9790000000000001,10.0,6.0
2019-05-05 23:46:35,0.9420000000000001,9.0,6.0
2019-05-05 23:46:38,0.9259999999999999,10.0,6.0
2019-05-05 23:46:40,0.982,10.0,6.0
2019-05-05 23:46:43,0.9490000000000001,9.0,6.0
2019-05-05 23:46:45,0.9329999999999999,9.0,5.0
2019-05-05 23:46:46,0.935,9.0,6.0
2019-05-05 23:46:48,0.943,10.0,5.0
2019-05-05 23:46:49,0.971,10.0,6.0
2019-05-05 23:46:53,0.892,9.0,6.0
2019-05-05 23:46:56,0.66,9.0,6.0
2019-05-05 23:47:03,0.9129999999999999,9.0,6.0
2019-05-05 23:47:06,0.943,8.0,6.0
2019-05-05 23:47:14,0.996,8.0,6.0
2019-05-05 23:47:18,0.956,7.0,6.0
2019-05-05 23:47:21,0.909,10.0,6.0
2019-05-05 23:47:24,0.9309999999999999,10.0,6.0
2019-05-05 23:47:31,0.9359999999999999,5.0,4.0
2019-05-05 23:47:37,0.951,9.0,6.0
2019-05-05 23:47:39,0.9570000000000001,9.0,6.0
2019-05-05 23:47:43,0.972,9.0,6.0
2019-05-05 23:47:46,0.914,9.0,6.0
2019-05-05 23:47:53,0.9309999999999999,6.0,4.0
2019-05-05 23:47:55,0.968,10.0,6.0
2019-05-05 23:47:59,0.934,9.0,5.0
2019-05-05 23:48:02,0.98,10.0,6.0
2019-05-05 23:48:05,0.982,8.0,6.0
2019-05-05 23:48:07,0.888,9.0,6.0
2019-05-05 23:48:10,0.9455,8.5,6.0
2019-05-05 23:48:13,0.958,9.5,6.0
2019-05-05 23:48:15,0.9109999999999999,9.0,5.0
2019-05-05 23:48:16,0.907,9.0,6.0
2019-05-05 23:48:18,0.943,10.0,5.0
2019-05-05 23:48:19,0.965,8.0,6.0
2019-05-05 23:48:23,0.9109999999999999,10.0,6.0
2019-05-05 23:48:26,0.9259999999999999,10.0,6.0
2019-05-05 23:48:33,0.9209999999999999,8.0,6.0
2019-05-05 23:48:36,0.976,9.0,6.0
2019-05-05 23:48:44,0.99,8.0,6.0
2019-05-05 23:48:48,0.915,7.0,6.0
2019-05-05 23:48:51,0.912,8.0,6.0
2019-05-05 23:48:54,0.922,9.0,6.0
2019-05-05 23:49:01,0.897,5.0,4.0
2019-05-05 23:49:07,0.907,7.0,6.0
2019-05-05 23:49:09,0.9670000000000001,7.0,6.0
2019-05-05 23:49:12,0.987,9.0,6.0
2019-05-05 23:49:16,0.9359999999999999,8.0,6.0
2019-05-05 23:49:23,0.903,7.0,4.0
2019-05-05 23:49:25,0.9570000000000001,9.0,6.0
2019-05-05 23:49:29,0.914,8.0,5.0
2019-05-05 23:49:32,0.9840000000000001,9.0,6.0
2019-05-05 23:49:35,0.9790000000000001,9.0,6.0
2019-05-05 23:49:38,0.956,7.0,6.0
2019-05-05 23:49:40,0.96,9.5,6.0
2019-05-05 23:49:43,0.9475,9.5,6.0
2019-05-05 23:49:45,0.909,9.0,5.0
2019-05-05 23:49:46,0.9009999999999999,9.0,6.0
2019-05-05 23:49:48,0.948,9.0,5.0
2019-05-05 23:49:49,0.9420000000000001,9.0,6.0
2019-05-05 23:49:53,0.929,9.0,6.0
2019-05-05 23:49:56,0.958,9.0,6.0
2019-05-05 23:50:03,0.941,7.0,6.0
2019-05-05 23:50:06,0.9129999999999999,8.0,6.0
2019-05-05 23:50:14,0.996,9.0,6.0
2019-05-05 23:50:18,0.953,9.0,6.0
2019-05-05 23:50:21,0.915,10.0,6.0
2019-05-05 23:50:24,0.9229999999999999,10.0,6.0
2019-05-05 23:50:31,0.904,6.0,4.0
2019-05-05 23:50:37,0.961,8.0,6.0
2019-05-05 23:50:39,0.982,8.0,6.0
2019-05-05 23:50:42,0.9890000000000001,9.0,6.0
2019-05-05 23:50:46,0.924,8.0,6.0
2019-05-05 23:50:53,0.919,9.0,4.0
2019-05-05 23:50:55,0.9570000000000001,10.0,6.0
2019-05-05 23:50:59,0.935,10.0,5.0
2019-05-05 23:51:02,0.98,10.0,6.0
2019-05-05 23:51:05,0.9329999999999999,7.0,6.0
2019-05-05 23:51:07,0.956,10.0,6.0
2019-05-05 23:51:10,0.974,8.5,6.0
2019-05-05 23:51:13,0.8290000000000001,8.5,6.0
2019-05-05 23:51:15,0.9279999999999999,10.0,5.0
2019-05-05 23:51:16,0.907,8.0,6.0
2019-05-05 23:51:18,0.953,8.0,5.0
2019-05-05 23:51:19,0.935,8.0,6.0
2019-05-05 23:51:23,0.914,8.0,6.0
2019-05-05 23:51:26,0.971,9.0,6.0
2019-05-05 23:51:33,0.937,8.0,6.0
2019-05-05 23:51:36,0.991,8.0,6.0
2019-05-05 23:51:44,0.956,6.0,6.0
2019-05-05 23:51:48,0.9229999999999999,9.0,6.0
2019-05-05 23:51:51,0.927,9.0,6.0
2019-05-05 23:51:54,0.937,10.0,6.0
2019-05-05 23:52:01,0.8759999999999999,6.0,4.0
2019-05-05 23:52:07,0.9640000000000001,8.0,6.0
2019-05-05 23:52:09,0.99,9.0,6.0
2019-05-05 23:52:12,0.993,8.0,6.0
2019-05-05 23:52:16,0.956,9.0,6.0
2019-05-05 23:52:23,0.93,7.0,4.0
2019-05-05 23:52:25,0.9390000000000001,8.0,6.0
2019-05-05 23:52:29,0.9690000000000001,7.0,5.0
2019-05-05 23:52:32,0.976,8.0,6.0
2019-05-05 23:52:36,0.991,8.0,6.0
2019-05-05 23:52:37,0.953,8.0,6.0
2019-05-05 23:52:40,0.9525,7.5,6.0
2019-05-05 23:52:43,0.8385,9.0,6.0
2019-05-05 23:52:45,0.973,9.0,5.0
2019-05-05 23:52:46,0.95,10.0,6.0
2019-05-05 23:52:48,0.94,9.0,5.0
2019-05-05 23:52:49,0.93,8.0,6.0
2019-05-05 23:52:53,0.9129999999999999,10.0,6.0
2019-05-05 23:52:56,0.938,7.0,6.0
2019-05-05 23:53:03,0.937,8.0,6.0
2019-05-05 23:53:06,0.987,8.0,6.0
2019-05-05 23:53:14,0.983,9.0,6.0
2019-05-05 23:53:18,0.9670000000000001,9.0,6.0
2019-05-05 23:53:21,0.9520000000000001,10.0,6.0
2019-05-05 23:53:24,0.927,9.0,6.0
2019-05-05 23:53:31,0.998,5.0,4.0
2019-05-05 23:53:37,0.982,8.0,6.0
2019-05-05 23:53:39,0.983,10.0,6.0
2019-05-05 23:53:42,0.978,9.0,6.0
2019-05-05 23:53:46,0.9159999999999999,8.0,6.0
2019-05-05 23:53:53,0.9059999999999999,7.0,4.0
2019-05-05 23:53:55,0.948,10.0,6.0
2019-05-05 23:53:59,0.982,8.0,5.0
2019-05-05 23:54:02,0.9540000000000001,9.0,6.0
2019-05-05 23:54:06,0.993,9.0,6.0
2019-05-05 23:54:08,0.927,8.0,6.0
2019-05-05 23:54:10,0.933,8.5,6.0
2019-05-05 23:54:13,0.9685,9.5,6.0
2019-05-05 23:54:15,0.9279999999999999,10.0,5.0
2019-05-05 23:54:16,0.9309999999999999,9.0,6.0
2019-05-05 23:54:18,0.9440000000000001,9.0,5.0
2019-05-05 23:54:19,0.956,8.0,6.0
2019-05-05 23:54:23,0.9670000000000001,10.0,6.0
2019-05-05 23:54:26,0.8690000000000001,9.0,6.0
2019-05-05 23:54:33,0.9159999999999999,9.0,6.0
2019-05-05 23:54:36,0.846,8.0,6.0
2019-05-05 23:54:45,0.992,8.0,6.0
2019-05-05 23:54:48,0.93,9.0,6.0
2019-05-05 23:54:51,0.935,10.0,6.0
2019-05-05 23:54:54,0.905,10.0,6.0
2019-05-05 23:55:02,0.9079999999999999,7.0,4.0
2019-05-05 23:55:07,0.9740000000000001,8.0,6.0
2019-05-05 23:55:09,0.995,10.0,6.0
2019-05-05 23:55:13,0.986,9.0,6.0
2019-05-05 23:55:16,0.909,8.0,6.0
2019-05-05 23:55:23,0.907,8.0,4.0
2019-05-05 23:55:25,0.9390000000000001,9.0,6.0
2019-05-05 23:55:29,0.983,8.0,5.0
2019-05-05 23:55:32,0.978,10.0,6.0
2019-05-05 23:55:36,0.978,8.0,6.0
2019-05-05 23:55:38,0.975,9.0,6.0
2019-05-05 23:55:40,0.929,8.0,6.0
2019-05-05 23:55:43,0.9255,9.5,6.0
2019-05-05 23:55:45,0.927,10.0,5.0
2019-05-05 23:55:46,0.914,8.0,6.0
2019-05-05 23:55:48,0.898,10.0,5.0
2019-05-05 23:55:49,0.9490000000000001,8.0,6.0
2019-05-05 23:55:53,0.9309999999999999,9.0,6.0
2019-05-05 23:55:56,0.9590000000000001,10.0,6.0
2019-05-05 23:56:03,0.9490000000000001,8.0,6.0
2019-05-05 23:56:06,0.907,9.0,6.0
2019-05-05 23:56:15,0.985,8.0,6.0
2019-05-05 23:56:18,0.922,9.0,6.0
2019-05-05 23:56:21,0.966,8.0,6.0
2019-05-05 23:56:24,0.925,9.0,6.0
2019-05-05 23:56:32,0.8959999999999999,7.0,4.0
2019-05-05 23:56:37,0.951,8.0,6.0
2019-05-05 23:56:39,0.97,9.0,6.0
2019-05-05 23:56:42,0.97,9.0,6.0
2019-05-05 23:56:46,0.943,9.0,6.0
2019-05-05 23:56:53,0.925,6.0,4.0
2019-05-05 23:56:55,0.9940000000000001,7.0,6.0
2019-05-05 23:56:59,0.977,9.0,5.0
2019-05-05 23:57:02,0.995,8.0,6.0
2019-05-05 23:57:06,0.99,9.0,6.0
2019-05-05 23:57:08,0.953,9.0,6.0
2019-05-05 23:57:10,0.9750000000000001,9.0,6.0
2019-05-05 23:57:13,0.9485,9.0,6.0
2019-05-05 23:57:15,0.637,7.0,5.0
2019-05-05 23:57:16,0.9129999999999999,10.0,6.0
2019-05-05 23:57:18,0.912,8.0,5.0
2019-05-05 23:57:19,0.948,10.0,6.0
2019-05-05 23:57:23,0.9229999999999999,9.0,6.0
2019-05-05 23:57:26,0.996,9.0,6.0
2019-05-05 23:57:33,0.97,8.0,6.0
2019-05-05 23:57:36,0.951,9.0,6.0
2019-05-05 23:57:45,0.99,9.0,6.0
2019-05-05 23:57:48,0.951,8.0,6.0
2019-05-05 23:57:51,0.934,8.0,6.0
2019-05-05 23:57:54,0.9259999999999999,8.0,6.0
2019-05-05 23:58:02,0.894,5.0,4.0
2019-05-05 23:58:07,0.972,8.0,6.0
2019-05-05 23:58:09,0.991,7.0,6.0
2019-05-05 23:58:12,0.9890000000000001,9.0,6.0
2019-05-05 23:58:16,0.9229999999999999,7.0,6.0
2019-05-05 23:58:23,0.897,6.0,4.0
2019-05-05 23:58:25,0.955,9.0,6.0
2019-05-05 23:58:29,0.862,10.0,5.0
2019-05-05 23:58:32,0.992,9.0,6.0
2019-05-05 23:58:36,0.8590000000000001,9.0,6.0
2019-05-05 23:58:38,0.955,9.0,6.0
2019-05-05 23:58:40,0.977,8.0,6.0
2019-05-05 23:58:41,0.929,7.0,6.0
2019-05-05 23:58:43,0.944,8.5,6.0
2019-05-05 23:58:45,0.914,8.0,5.0
2019-05-05 23:58:46,0.9059999999999999,9.0,6.0
2019-05-05 23:58:48,0.914,9.0,5.0
2019-05-05 23:58:49,0.903,8.0,6.0
2019-05-05 23:58:53,0.847,8.0,6.0
2019-05-05 23:58:56,0.914,9.0,6.0
2019-05-05 23:59:03,0.915,8.0,6.0
2019-05-05 23:59:06,0.9490000000000001,8.0,6.0
2019-05-05 23:59:15,0.987,8.0,6.0
2019-05-05 23:59:18,0.9640000000000001,9.0,6.0
2019-05-05 23:59:21,0.9490000000000001,8.0,6.0
2019-05-05 23:59:24,0.934,9.0,6.0
2019-05-05 23:59:32,0.889,9.0,4.0
2019-05-05 23:59:37,0.966,9.0,6.0
2019-05-05 23:59:39,0.986,10.0,6.0
2019-05-05 23:59:43,0.995,9.0,6.0
2019-05-05 23:59:46,0.9079999999999999,9.0,6.0
2019-05-05 23:59:53,0.897,8.0,4.0
2019-05-05 23:59:55,0.955,9.0,6.0
2019-05-05 23:59:59,0.935,9.0,5.0
2019-05-06 00:00:02,0.9890000000000001,9.0,6.0
2019-05-06 00:00:06,0.9890000000000001,9.0,6.0
2019-05-06 00:00:07,0.934,10.0,6.0
2019-05-06 00:00:10,0.9540000000000001,10.0,6.0
2019-05-06 00:00:11,0.953,6.0,6.0
2019-05-06 00:00:13,0.953,8.5,6.0
2019-05-06 00:00:15,0.909,7.0,5.0
2019-05-06 00:00:16,0.9209999999999999,9.0,6.0
2019-05-06 00:00:18,0.92,9.0,5.0
2019-05-06 00:00:19,0.935,9.0,6.0
2019-05-06 00:00:23,0.9390000000000001,9.0,6.0
2019-05-06 00:00:26,0.961,9.0,6.0
2019-05-06 00:00:33,0.958,9.0,6.0
2019-05-06 00:00:36,0.9490000000000001,9.0,6.0
2019-05-06 00:00:45,0.9940000000000001,9.0,6.0
2019-05-06 00:00:48,0.9590000000000001,8.0,6.0
2019-05-06 00:00:51,0.9279999999999999,9.0,6.0
2019-05-06 00:00:54,0.9359999999999999,8.0,6.0
2019-05-06 00:01:02,0.943,5.0,4.0
2019-05-06 00:01:07,0.968,8.0,6.0
2019-05-06 00:01:09,0.988,10.0,6.0
2019-05-06 00:01:12,0.963,10.0,6.0
2019-05-06 00:01:16,0.932,9.0,6.0
2019-05-06 00:01:23,0.9109999999999999,6.0,4.0
2019-05-06 00:01:25,0.94,7.0,6.0
2019-05-06 00:01:29,0.94,9.0,5.0
2019-05-06 00:01:32,0.988,9.0,6.0
2019-05-06 00:01:36,0.995,7.0,6.0
2019-05-06 00:01:37,0.8959999999999999,9.0,6.0
2019-05-06 00:01:40,0.9570000000000001,9.0,6.0
2019-05-06 00:01:41,0.9520000000000001,8.0,6.0
2019-05-06 00:01:43,0.952,9.0,6.0
2019-05-06 00:01:45,0.894,8.0,5.0
2019-05-06 00:01:46,0.9179999999999999,8.0,6.0
2019-05-06 00:01:48,0.9329999999999999,8.0,5.0
2019-05-06 00:01:49,0.97,9.0,6.0
2019-05-06 00:01:53,0.937,9.0,6.0
2019-05-06 00:01:56,0.973,8.0,6.0
2019-05-06 00:02:03,0.925,7.0,6.0
2019-05-06 00:02:06,0.9179999999999999,7.0,6.0
2019-05-06 00:02:15,0.978,9.0,6.0
2019-05-06 00:02:18,0.951,8.0,6.0
2019-05-06 00:02:21,0.9279999999999999,9.0,6.0
2019-05-06 00:02:24,0.9279999999999999,8.0,6.0
2019-05-06 00:02:32,0.902,6.0,4.0
2019-05-06 00:02:37,0.963,9.0,6.0
2019-05-06 00:02:39,0.9790000000000001,8.0,6.0
2019-05-06 00:02:42,0.992,10.0,6.0
2019-05-06 00:02:46,0.9159999999999999,8.0,6.0
2019-05-06 00:02:53,0.833,6.0,4.0
2019-05-06 00:02:55,0.927,8.0,6.0
2019-05-06 00:02:59,0.877,8.0,5.0
2019-05-06 00:03:02,0.909,10.0,6.0
2019-05-06 00:03:06,0.996,7.0,6.0
2019-05-06 00:03:07,0.932,9.0,6.0
2019-05-06 00:03:10,0.987,8.0,6.0
2019-05-06 00:03:11,0.973,7.0,6.0
2019-05-06 00:03:13,0.9425,7.5,6.0
2019-05-06 00:03:15,0.9159999999999999,8.0,5.0
2019-05-06 00:03:16,0.9490000000000001,9.0,6.0
2019-05-06 00:03:18,0.934,9.0,5.0
2019-05-06 00:03:19,0.9359999999999999,8.0,6.0
2019-05-06 00:03:23,0.92,10.0,6.0
2019-05-06 00:03:26,0.963,9.0,6.0
2019-05-06 00:03:33,0.925,10.0,6.0
2019-05-06 00:03:36,0.904,8.0,6.0
2019-05-06 00:03:45,0.996,7.0,6.0
2019-05-06 00:03:48,0.941,8.0,6.0
2019-05-06 00:03:51,0.9359999999999999,9.0,6.0
2019-05-06 00:03:54,0.922,10.0,6.0
2019-05-06 00:04:02,0.872,6.0,4.0
2019-05-06 00:04:07,0.9620000000000001,9.0,6.0
2019-05-06 00:04:09,0.961,9.0,6.0
2019-05-06 00:04:12,0.9840000000000001,10.0,6.0
2019-05-06 00:04:16,0.9209999999999999,8.0,6.0
2019-05-06 00:04:23,0.875,7.0,4.0
2019-05-06 00:04:25,0.9590000000000001,7.0,6.0
2019-05-06 00:04:29,0.9690000000000001,7.0,5.0
2019-05-06 00:04:32,0.993,9.0,6.0
2019-05-06 00:04:36,0.96,9.0,6.0
2019-05-06 00:04:38,0.9420000000000001,8.0,6.0
2019-05-06 00:04:40,0.993,8.0,6.0
2019-05-06 00:04:41,0.968,9.0,6.0
2019-05-06 00:04:43,0.9725,8.5,6.0
2019-05-06 00:04:45,0.9279999999999999,10.0,5.0
2019-05-06 00:04:46,0.9309999999999999,10.0,6.0
2019-05-06 00:04:48,0.9620000000000001,10.0,5.0
2019-05-06 00:04:49,0.919,9.0,6.0
2019-05-06 00:04:53,0.915,9.0,6.0
2019-05-06 00:04:56,0.9540000000000001,10.0,6.0
2019-05-06 00:05:03,0.932,9.0,6.0
2019-05-06 00:05:06,0.98,10.0,6.0
2019-05-06 00:05:15,0.968,9.0,6.0
2019-05-06 00:05:18,0.9309999999999999,9.0,6.0
2019-05-06 00:05:21,0.935,9.0,6.0
2019-05-06 00:05:24,0.903,10.0,6.0
2019-05-06 00:05:32,0.884,6.0,4.0
2019-05-06 00:05:37,0.9790000000000001,9.0,6.0
2019-05-06 00:05:39,0.996,10.0,6.0
2019-05-06 00:05:43,0.995,10.0,6.0
2019-05-06 00:05:46,0.925,8.0,6.0
2019-05-06 00:05:53,0.9440000000000001,9.0,4.0
2019-05-06 00:05:55,0.966,8.0,6.0
2019-05-06 00:05:59,0.968,8.0,5.0
2019-05-06 00:06:02,0.975,8.0,6.0
2019-05-06 00:06:06,0.853,9.0,6.0
2019-05-06 00:06:08,0.903,8.0,6.0
2019-05-06 00:06:10,0.982,9.0,6.0
2019-05-06 00:06:11,0.973,9.0,6.0
2019-05-06 00:06:13,0.933,9.0,6.0
2019-05-06 00:06:15,0.914,8.0,5.0
2019-05-06 00:06:16,0.9079999999999999,8.0,6.0
2019-05-06 00:06:18,0.9490000000000001,9.0,5.0
2019-05-06 00:06:19,0.9179999999999999,8.0,6.0
2019-05-06 00:06:23,0.825,10.0,6.0
2019-05-06 00:06:26,0.965,9.0,6.0
2019-05-06 00:06:33,0.9470000000000001,9.0,6.0
2019-05-06 00:06:36,0.941,10.0,6.0
2019-05-06 00:06:45,0.9840000000000001,7.0,6.0
2019-05-06 00:06:48,0.9470000000000001,8.0,6.0
2019-05-06 00:06:51,0.9590000000000001,9.0,6.0
2019-05-06 00:06:54,0.917,9.0,6.0
2019-05-06 00:07:02,0.89,6.0,4.0
2019-05-06 00:07:07,0.968,9.0,6.0
2019-05-06 00:07:09,0.993,9.0,6.0
2019-05-06 00:07:12,0.993,9.0,6.0
2019-05-06 00:07:16,0.917,7.0,6.0
2019-05-06 00:07:23,0.929,7.0,4.0
2019-05-06 00:07:25,0.9790000000000001,9.0,6.0
2019-05-06 00:07:29,0.956,10.0,5.0
2019-05-06 00:07:32,0.9440000000000001,9.0,6.0
2019-05-06 00:07:36,0.998,9.0,6.0
2019-05-06 00:07:37,0.932,10.0,6.0
2019-05-06 00:07:40,0.9440000000000001,9.0,6.0
2019-05-06 00:07:41,0.98,8.0,6.0
2019-05-06 00:07:43,0.9464999999999999,8.0,6.0
2019-05-06 00:07:45,0.9109999999999999,8.0,5.0
2019-05-06 00:07:46,0.917,8.0,6.0
2019-05-06 00:07:48,0.9209999999999999,7.0,5.0
2019-05-06 00:07:49,0.925,8.0,6.0
2019-05-06 00:07:53,0.895,10.0,6.0
2019-05-06 00:07:56,0.982,10.0,6.0
2019-05-06 00:08:03,0.977,7.0,6.0
2019-05-06 00:08:06,0.988,9.0,6.0
2019-05-06 00:08:15,0.97,7.0,6.0
2019-05-06 00:08:18,0.981,8.0,6.0
2019-05-06 00:08:21,0.958,8.0,6.0
2019-05-06 00:08:24,0.9009999999999999,8.0,6.0
2019-05-06 00:08:32,0.895,7.0,4.0
2019-05-06 00:08:37,0.956,8.0,6.0
2019-05-06 00:08:39,0.995,9.0,6.0
2019-05-06 00:08:43,0.966,8.0,6.0
2019-05-06 00:08:46,0.9179999999999999,9.0,6.0
2019-05-06 00:08:53,0.9109999999999999,7.0,4.0
2019-05-06 00:08:55,0.934,9.0,6.0
2019-05-06 00:08:59,0.95,7.0,5.0
2019-05-06 00:09:02,0.9520000000000001,9.0,6.0
2019-05-06 00:09:06,0.9890000000000001,8.0,6.0
2019-05-06 00:09:07,0.9159999999999999,7.0,6.0
2019-05-06 00:09:10,0.981,8.0,6.0
2019-05-06 00:09:11,0.981,8.0,6.0
2019-05-06 00:09:13,0.959,8.5,6.0
2019-05-06 00:09:15,0.9,9.0,5.0
2019-05-06 00:09:16,0.932,8.0,6.0
2019-05-06 00:09:18,0.917,8.0,5.0
2019-05-06 00:09:19,0.995,9.0,6.0
2019-05-06 00:09:23,0.909,9.0,6.0
2019-05-06 00:09:26,0.943,9.0,6.0
2019-05-06 00:09:34,0.981,8.0,6.0
2019-05-06 00:09:36,0.995,9.0,6.0
2019-05-06 00:09:45,0.991,9.0,6.0
2019-05-06 00:09:48,0.95,9.0,6.0
2019-05-06 00:09:51,0.9640000000000001,9.0,6.0
2019-05-06 00:09:54,0.9129999999999999,9.0,6.0
2019-05-06 00:10:02,0.915,7.0,4.0
2019-05-06 00:10:07,0.972,9.0,6.0
2019-05-06 00:10:09,1.0,1.0,1.0
2019-05-06 00:10:13,0.993,9.0,6.0
2019-05-06 00:10:16,0.965,9.0,6.0
2019-05-06 00:10:23,0.9159999999999999,7.0,4.0
2019-05-06 00:10:25,0.9490000000000001,7.0,6.0
2019-05-06 00:10:29,0.9690000000000001,8.0,5.0
2019-05-06 00:10:32,0.972,10.0,6.0
2019-05-06 00:10:36,0.972,8.0,6.0
2019-05-06 00:10:38,0.9420000000000001,8.0,6.0
2019-05-06 00:10:40,0.953,10.0,6.0
2019-05-06 00:10:41,0.982,10.0,6.0
2019-05-06 00:10:43,0.969,9.5,6.0
2019-05-06 00:10:45,0.943,9.0,5.0
2019-05-06 00:10:46,0.95,10.0,6.0
2019-05-06 00:10:48,0.909,10.0,5.0
2019-05-06 00:10:49,0.94,10.0,6.0
2019-05-06 00:10:53,0.912,9.0,6.0
2019-05-06 00:10:56,0.9690000000000001,8.0,6.0
2019-05-06 00:11:04,0.973,6.0,6.0
2019-05-06 00:11:06,0.987,7.0,6.0
2019-05-06 00:11:15,0.993,8.0,6.0
2019-05-06 00:11:18,0.98,8.0,6.0
2019-05-06 00:11:21,0.9390000000000001,8.0,6.0
2019-05-06 00:11:24,0.9109999999999999,10.0,6.0
2019-05-06 00:11:32,0.953,7.0,4.0
2019-05-06 00:11:37,0.938,10.0,6.0
2019-05-06 00:11:39,0.992,9.0,6.0
2019-05-06 00:11:42,0.981,10.0,6.0
2019-05-06 00:11:46,0.929,8.0,6.0
2019-05-06 00:11:53,0.899,8.0,4.0
2019-05-06 00:11:55,0.956,10.0,6.0
2019-05-06 00:11:59,0.95,9.0,5.0
2019-05-06 00:12:02,0.966,10.0,6.0
2019-05-06 00:12:06,0.9540000000000001,9.0,6.0
2019-05-06 00:12:08,0.93,10.0,6.0
2019-05-06 00:12:10,0.96,10.0,6.0
2019-05-06 00:12:11,0.948,9.0,6.0
2019-05-06 00:12:13,0.946,10.0,6.0
2019-05-06 00:12:15,0.92,9.0,5.0
2019-05-06 00:12:16,0.9179999999999999,10.0,6.0
2019-05-06 00:12:18,0.937,10.0,5.0
2019-05-06 00:12:19,0.887,9.0,6.0
2019-05-06 00:12:23,0.88,9.0,6.0
2019-05-06 00:12:26,0.9440000000000001,9.0,6.0
2019-05-06 00:12:33,0.888,8.0,6.0
2019-05-06 00:12:36,0.985,9.0,6.0
2019-05-06 00:12:45,0.946,8.0,6.0
2019-05-06 00:12:48,0.943,9.0,6.0
2019-05-06 00:12:51,0.85,9.0,6.0
2019-05-06 00:12:54,0.919,9.0,6.0
2019-05-06 00:13:02,0.799,7.0,4.0
2019-05-06 00:13:07,0.956,7.0,6.0
2019-05-06 00:13:09,0.993,8.0,6.0
2019-05-06 00:13:12,0.977,8.0,6.0
2019-05-06 00:13:16,0.934,7.0,6.0
2019-05-06 00:13:23,0.9470000000000001,8.0,4.0
2019-05-06 00:13:25,0.922,8.0,6.0
2019-05-06 00:13:29,0.925,9.0,5.0
2019-05-06 00:13:32,0.9390000000000001,10.0,6.0
2019-05-06 00:13:36,0.971,10.0,6.0
2019-05-06 00:13:38,0.927,9.0,6.0
2019-05-06 00:13:40,0.988,9.0,6.0
2019-05-06 00:13:41,0.9840000000000001,9.0,6.0
2019-05-06 00:13:43,0.9465,9.5,6.0
2019-05-06 00:13:45,0.907,7.0,5.0
2019-05-06 00:13:46,0.948,10.0,6.0
2019-05-06 00:13:48,0.9309999999999999,8.0,5.0
2019-05-06 00:13:49,0.9470000000000001,9.0,6.0
2019-05-06 00:13:53,0.892,9.0,6.0
2019-05-06 00:13:56,0.948,9.0,6.0
2019-05-06 00:14:03,0.943,8.0,6.0
2019-05-06 00:14:06,0.9390000000000001,9.0,6.0
2019-05-06 00:14:15,0.996,9.0,6.0
2019-05-06 00:14:18,0.9229999999999999,9.0,6.0
2019-05-06 00:14:21,0.971,10.0,6.0
2019-05-06 00:14:24,0.943,10.0,6.0
2019-05-06 00:14:32,0.885,7.0,4.0
2019-05-06 00:14:37,0.9420000000000001,9.0,6.0
2019-05-06 00:14:39,0.988,9.0,6.0
2019-05-06 00:14:42,0.982,10.0,6.0
2019-05-06 00:14:46,0.927,8.0,6.0
2019-05-06 00:14:53,0.9329999999999999,7.0,4.0
2019-05-06 00:14:55,0.9440000000000001,9.0,6.0
2019-05-06 00:14:59,0.972,7.0,5.0
2019-05-06 00:15:02,0.98,10.0,6.0
2019-05-06 00:15:06,0.981,8.0,6.0
2019-05-06 00:15:08,0.9079999999999999,8.0,6.0
2019-05-06 00:15:10,0.982,8.0,6.0
2019-05-06 00:15:11,0.897,8.0,6.0
2019-05-06 00:15:13,0.9810000000000001,9.0,6.0
2019-05-06 00:15:15,0.9259999999999999,9.0,5.0
2019-05-06 00:15:16,0.9420000000000001,8.0,6.0
2019-05-06 00:15:18,0.924,9.0,5.0
2019-05-06 00:15:19,0.9309999999999999,8.0,6.0
2019-05-06 00:15:23,0.93,7.0,6.0
2019-05-06 00:15:26,0.9690000000000001,8.0,6.0
2019-05-06 00:15:33,0.934,7.0,6.0
2019-05-06 00:15:36,0.99,8.0,6.0
2019-05-06 00:15:45,0.991,8.0,6.0
2019-05-06 00:15:48,0.9179999999999999,9.0,6.0
2019-05-06 00:15:51,0.924,8.0,6.0
2019-05-06 00:15:54,0.9420000000000001,9.0,6.0
2019-05-06 00:16:02,0.89,6.0,4.0
2019-05-06 00:16:07,0.975,9.0,6.0
2019-05-06 00:16:09,0.977,9.0,6.0
2019-05-06 00:16:12,0.986,9.0,6.0
2019-05-06 00:16:16,0.9620000000000001,8.0,6.0
2019-05-06 00:16:23,0.934,8.0,4.0
2019-05-06 00:16:25,0.9670000000000001,10.0,6.0
2019-05-06 00:16:29,0.965,9.0,5.0
2019-05-06 00:16:32,0.977,9.0,6.0
2019-05-06 00:16:36,0.991,8.0,6.0
2019-05-06 00:16:38,0.88,8.0,6.0
2019-05-06 00:16:40,0.965,7.0,6.0
2019-05-06 00:16:41,0.934,8.0,6.0
2019-05-06 00:16:43,0.9550000000000001,9.0,6.0
2019-05-06 00:16:45,0.91,8.0,5.0
2019-05-06 00:16:46,0.9359999999999999,8.0,6.0
2019-05-06 00:16:48,0.9229999999999999,9.0,5.0
2019-05-06 00:16:49,0.934,8.0,6.0
2019-05-06 00:16:53,0.943,8.0,6.0
2019-05-06 00:16:56,0.973,9.0,6.0
2019-05-06 00:17:03,0.945,7.0,6.0
2019-05-06 00:17:06,0.996,7.0,6.0
2019-05-06 00:17:15,0.995,7.0,6.0
2019-05-06 00:17:18,0.9209999999999999,8.0,6.0
2019-05-06 00:17:21,0.9520000000000001,8.0,6.0
2019-05-06 00:17:24,0.935,9.0,6.0
2019-05-06 00:17:32,0.885,7.0,4.0
2019-05-06 00:17:37,0.9670000000000001,8.0,6.0
2019-05-06 00:17:39,0.997,9.0,6.0
2019-05-06 00:17:43,0.9790000000000001,9.0,6.0
2019-05-06 00:17:46,0.9329999999999999,9.0,6.0
2019-05-06 00:17:53,0.898,7.0,4.0
2019-05-06 00:17:55,0.95,6.0,6.0
2019-05-06 00:17:59,0.961,8.0,5.0
2019-05-06 00:18:02,0.96,7.0,6.0
2019-05-06 00:18:06,0.992,8.0,6.0
2019-05-06 00:18:08,0.9359999999999999,8.0,6.0
2019-05-06 00:18:10,0.977,8.0,6.0
2019-05-06 00:18:11,0.972,7.0,6.0
2019-05-06 00:18:13,0.9235,8.0,6.0
2019-05-06 00:18:15,0.93,7.0,5.0
2019-05-06 00:18:16,0.82,8.0,6.0
2019-05-06 00:18:18,0.919,8.0,5.0
2019-05-06 00:18:19,0.958,8.0,6.0
2019-05-06 00:18:23,0.95,8.0,6.0
2019-05-06 00:18:26,0.899,8.0,6.0
2019-05-06 00:18:34,0.912,9.0,6.0
2019-05-06 00:18:36,0.872,9.0,6.0
2019-05-06 00:18:45,0.9940000000000001,7.0,6.0
2019-05-06 00:18:48,0.93,8.0,6.0
2019-05-06 00:18:51,0.912,8.0,6.0
2019-05-06 00:18:54,0.934,9.0,6.0
2019-05-06 00:19:02,0.878,7.0,4.0
2019-05-06 00:19:07,0.978,6.0,6.0
2019-05-06 00:19:09,0.991,7.0,6.0
2019-05-06 00:19:13,0.995,7.0,6.0
2019-05-06 00:19:16,0.946,9.0,6.0
2019-05-06 00:19:24,0.9259999999999999,7.0,4.0
2019-05-06 00:19:25,0.995,8.0,6.0
2019-05-06 00:19:29,0.9520000000000001,7.0,5.0
2019-05-06 00:19:32,0.9640000000000001,9.0,6.0
2019-05-06 00:19:36,0.865,8.0,6.0
2019-05-06 00:19:37,0.937,9.0,6.0
2019-05-06 00:19:40,0.991,9.0,6.0
2019-05-06 00:19:41,0.9620000000000001,9.0,6.0
2019-05-06 00:19:43,0.9620000000000001,9.5,6.0
2019-05-06 00:19:45,0.91,7.0,5.0
2019-05-06 00:19:46,0.951,10.0,6.0
2019-05-06 00:19:48,0.927,9.0,5.0
2019-05-06 00:19:49,0.993,9.0,6.0
2019-05-06 00:19:53,0.943,8.0,6.0
2019-05-06 00:19:56,0.9740000000000001,10.0,6.0
2019-05-06 00:20:04,0.983,8.0,6.0
2019-05-06 00:20:06,0.988,9.0,6.0
2019-05-06 00:20:15,0.981,9.0,6.0
2019-05-06 00:20:18,0.971,10.0,6.0
2019-05-06 00:20:21,0.925,10.0,6.0
2019-05-06 00:20:24,0.937,10.0,6.0
2019-05-06 00:20:32,0.919,7.0,4.0
2019-05-06 00:20:37,0.9590000000000001,7.0,6.0
2019-05-06 00:20:39,0.986,9.0,6.0
2019-05-06 00:20:43,0.983,7.0,6.0
2019-05-06 00:20:46,0.914,8.0,6.0
2019-05-06 00:20:54,0.938,8.0,4.0
2019-05-06 00:20:55,0.9570000000000001,9.0,6.0
2019-05-06 00:20:59,0.966,9.0,5.0
2019-05-06 00:21:02,0.9690000000000001,9.0,6.0
2019-05-06 00:21:07,0.946,9.0,6.0
2019-05-06 00:21:08,0.903,10.0,6.0
2019-05-06 00:21:10,0.968,9.0,6.0
2019-05-06 00:21:11,0.91,8.0,6.0
2019-05-06 00:21:13,0.9339999999999999,9.5,6.0
2019-05-06 00:21:15,0.993,8.0,5.0
2019-05-06 00:21:16,0.9390000000000001,9.0,6.0
2019-05-06 00:21:18,0.917,8.0,5.0
2019-05-06 00:21:19,0.9490000000000001,9.0,6.0
2019-05-06 00:21:23,0.935,8.0,6.0
2019-05-06 00:21:26,0.9840000000000001,8.0,6.0
2019-05-06 00:21:33,0.9420000000000001,6.0,6.0
2019-05-06 00:21:36,0.9259999999999999,10.0,6.0
2019-05-06 00:21:45,0.975,7.0,6.0
2019-05-06 00:21:48,0.9359999999999999,9.0,6.0
2019-05-06 00:21:51,0.958,7.0,6.0
2019-05-06 00:21:54,0.9420000000000001,9.0,6.0
2019-05-06 00:22:02,0.987,6.0,4.0
2019-05-06 00:22:07,0.937,9.0,6.0
2019-05-06 00:22:09,0.993,9.0,6.0
2019-05-06 00:22:13,0.986,9.0,6.0
2019-05-06 00:22:16,0.9329999999999999,8.0,6.0
2019-05-06 00:22:24,0.9390000000000001,8.0,4.0
2019-05-06 00:22:25,0.9620000000000001,8.0,6.0
2019-05-06 00:22:29,0.951,7.0,5.0
2019-05-06 00:22:32,0.9470000000000001,10.0,6.0
2019-05-06 00:22:37,0.9740000000000001,10.0,6.0
2019-05-06 00:22:38,0.961,8.0,6.0
2019-05-06 00:22:40,0.966,10.0,6.0
2019-05-06 00:22:41,0.961,10.0,6.0
2019-05-06 00:22:43,0.9655,10.0,6.0
2019-05-06 00:22:45,0.733,9.0,5.0
2019-05-06 00:22:46,0.9109999999999999,10.0,6.0
2019-05-06 00:22:48,0.9359999999999999,8.0,5.0
2019-05-06 00:22:49,0.932,9.0,6.0
